Phone,AA0,AA1,AA2,AE0,AE1,AE2,AH0,AH1,AH2,AO0,AO1,AO2,AW0,AW1,AW2,AY0,AY1,AY2,B,CH,D,DH,EH0,EH1,EH2,ER0,ER1,ER2,EY0,EY1,EY2,F,G,HH,IH0,IH1,IH2,IY0,IY1,IY2,JH,K,L,M,N,NG,OW0,OW1,OW2,OY0,OY1,OY2,P,R,S,SH,T,TH,UH0,UH1,UH2,UW,UW0,UW1,UW2,V,W,Y,Z,ZH,gap,WB
AA0,1,0.9,0.6,0.9,0.4,0.4,0.9,0.4,0.4,0.9,0.4,0.4,0.8,0.4,0.4,0.8,0.4,0.4,0,0,0,0,0.9,0.4,0.4,0.9,0.4,0.4,0.8,0.4,0.4,0,0,0,0.8,0.4,0.4,0.8,0.4,0.4,0,0,0,0,0,0,0.9,0.4,0.4,0.8,0.4,0.4,0,0,0,0,0,0,0.9,0.4,0.4,0.8,0.8,0.4,0.4,0,0,0,0,0,-0.5,-1
AA1,0.9,1,0.9,0.4,0.8,0.8,0.4,0.8,0.8,0.4,0.8,0.8,0.4,0.8,0.8,0.4,0.8,0.8,0,0,0,0,0.4,0.8,0.8,0.4,0.8,0.8,0.4,0.8,0.8,0,0,0,0.4,0.8,0.8,0.4,0.8,0.8,0,0,0,0,0,0,0.4,0.8,0.8,0.4,0.8,0.8,0,0,0,0,0,0,0.4,0.8,0.8,0.8,0.4,0.8,0.8,0,0,0,0,0,-0.8,-1
AA2,0.6,0.9,1,0.4,0.8,0.8,0.4,0.8,0.8,0.4,0.8,0.8,0.4,0.8,0.8,0.4,0.8,0.8,0,0,0,0,0.4,0.8,0.8,0.4,0.8,0.8,0.4,0.8,0.8,0,0,0,0.4,0.8,0.8,0.4,0.8,0.8,0,0,0,0,0,0,0.4,0.8,0.8,0.4,0.8,0.8,0,0,0,0,0,0,0.4,0.8,0.8,0.8,0.4,0.8,0.8,0,0,0,0,0,-1,-1
AE0,0.9,0.4,0.4,1,0.6,0.6,0.9,0.4,0.4,0.9,0.4,0.4,0.8,0.4,0.4,0.8,0.4,0.4,0,0,0,0,0.9,0.4,0.4,0.9,0.4,0.4,0.8,0.4,0.4,0,0,0,0.8,0.4,0.4,0.8,0.4,0.4,0,0,0,0,0,0,0.9,0.4,0.4,0.8,0.4,0.4,0,0,0,0,0,0,0.9,0.4,0.4,0.8,0.8,0.4,0.4,0,0,0,0,0,-0.5,-1
AE1,0.4,0.8,0.8,0.6,1,0.9,0.4,0.8,0.8,0.4,0.8,0.8,0.4,0.8,0.8,0.4,0.8,0.8,0,0,0,0,0.4,0.8,0.8,0.4,0.8,0.8,0.4,0.8,0.8,0,0,0,0.4,0.8,0.8,0.4,0.8,0.8,0,0,0,0,0,0,0.4,0.8,0.8,0.4,0.8,0.8,0,0,0,0,0,0,0.4,0.8,0.8,0.8,0.4,0.8,0.8,0,0,0,0,0,-0.8,-1
AE2,0.4,0.8,0.8,0.6,0.9,1,0.4,0.8,0.8,0.4,0.8,0.8,0.4,0.8,0.8,0.4,0.8,0.8,0,0,0,0,0.4,0.8,0.8,0.4,0.8,0.8,0.4,0.8,0.8,0,0,0,0.4,0.8,0.8,0.4,0.8,0.8,0,0,0,0,0,0,0.4,0.8,0.8,0.4,0.8,0.8,0,0,0,0,0,0,0.4,0.8,0.8,0.8,0.4,0.8,0.8,0,0,0,0,0,-1,-1
AH0,0.9,0.4,0.4,0.9,0.4,0.4,1,0.6,0.6,0.9,0.4,0.4,0.8,0.4,0.4,0.8,0.4,0.4,0,0,0,0,0.9,0.4,0.4,0.9,0.4,0.4,0.8,0.4,0.4,0,0,0,0.8,0.4,0.4,0.8,0.4,0.4,0,0,0,0,0,0,0.9,0.4,0.4,0.8,0.4,0.4,0,0,0,0,0,0,0.9,0.4,0.4,0.8,0.8,0.4,0.4,0,0,0,0,0,-0.5,-1
AH1,0.4,0.8,0.8,0.4,0.8,0.8,0.6,1,0.9,0.4,0.8,0.8,0.4,0.8,0.8,0.4,0.8,0.8,0,0,0,0,0.4,0.8,0.8,0.4,0.8,0.8,0.4,0.8,0.8,0,0,0,0.4,0.8,0.8,0.4,0.8,0.8,0,0,0,0,0,0,0.4,0.8,0.8,0.4,0.8,0.8,0,0,0,0,0,0,0.4,0.8,0.8,0.8,0.4,0.8,0.8,0,0,0,0,0,-0.8,-1
AH2,0.4,0.8,0.8,0.4,0.8,0.8,0.6,0.9,1,0.4,0.8,0.8,0.4,0.8,0.8,0.4,0.8,0.8,0,0,0,0,0.4,0.8,0.8,0.4,0.8,0.8,0.4,0.8,0.8,0,0,0,0.4,0.8,0.8,0.4,0.8,0.8,0,0,0,0,0,0,0.4,0.8,0.8,0.4,0.8,0.8,0,0,0,0,0,0,0.4,0.8,0.8,0.8,0.4,0.8,0.8,0,0,0,0,0,-1,-1
AO0,0.9,0.4,0.4,0.9,0.4,0.4,0.9,0.4,0.4,1,0.6,0.6,0.8,0.4,0.4,0.8,0.4,0.4,0,0,0,0,0.9,0.4,0.4,0.9,0.4,0.4,0.8,0.4,0.4,0,0,0,0.8,0.4,0.4,0.8,0.4,0.4,0,0,0,0,0,0,0.9,0.4,0.4,0.8,0.4,0.4,0,0,0,0,0,0,0.9,0.4,0.4,0.6,0.8,0.4,0.4,0,0,0,0,0,-0.5,-1
AO1,0.4,0.8,0.8,0.4,0.8,0.8,0.4,0.8,0.8,0.6,1,0.9,0.4,0.8,0.8,0.4,0.8,0.8,0,0,0,0,0.4,0.8,0.8,0.4,0.8,0.8,0.4,0.8,0.8,0,0,0,0.4,0.8,0.8,0.4,0.8,0.8,0,0,0,0,0,0,0.4,0.8,0.8,0.4,0.8,0.8,0,0,0,0,0,0,0.4,0.8,0.8,0.8,0.4,0.8,0.8,0,0,0,0,0,-0.8,-1
AO2,0.4,0.8,0.8,0.4,0.8,0.8,0.4,0.8,0.8,0.6,0.9,1,0.4,0.8,0.8,0.4,0.8,0.8,0,0,0,0,0.4,0.8,0.8,0.4,0.8,0.8,0.4,0.8,0.8,0,0,0,0.4,0.8,0.8,0.4,0.8,0.8,0,0,0,0,0,0,0.4,0.8,0.8,0.4,0.8,0.8,0,0,0,0,0,0,0.4,0.8,0.8,0.8,0.4,0.8,0.8,0,0,0,0,0,-1,-1
AW0,0.8,0.4,0.4,0.8,0.4,0.4,0.8,0.4,0.4,0.8,0.4,0.4,1,0.6,0.6,0.8,0.4,0.4,0,0,0,0,0.8,0.4,0.4,0.8,0.4,0.4,0.8,0.4,0.4,0,0,0,0.8,0.4,0.4,0.8,0.4,0.4,0,0,0,0,0,0,0.8,0.4,0.4,0.8,0.4,0.4,0,0,0,0,0,0,0.8,0.4,0.4,0.8,0.8,0.4,0.4,0,0,0,0,0,-0.5,-1
AW1,0.4,0.8,0.8,0.4,0.8,0.8,0.4,0.8,0.8,0.4,0.8,0.8,0.6,1,0.9,0.6,0.8,0.8,0,0,0,0,0.4,0.8,0.8,0.4,0.8,0.8,0.4,0.8,0.8,0,0,0,0.4,0.8,0.8,0.4,0.8,0.8,0,0,0,0,0,0,0.4,0.8,0.8,0.4,0.8,0.8,0,0,0,0,0,0,0.4,0.8,0.8,0.8,0.4,0.8,0.8,0,0,0,0,0,-0.8,-1
AW2,0.4,0.8,0.8,0.4,0.8,0.8,0.4,0.8,0.8,0.4,0.8,0.8,0.6,0.9,1,0.6,0.8,0.8,0,0,0,0,0.4,0.8,0.8,0.4,0.8,0.8,0.4,0.8,0.8,0,0,0,0.4,0.8,0.8,0.4,0.8,0.8,0,0,0,0,0,0,0.4,0.8,0.8,0.4,0.8,0.8,0,0,0,0,0,0,0.4,0.8,0.8,0.8,0.4,0.8,0.8,0,0,0,0,0,-1,-1
AY0,0.8,0.4,0.4,0.8,0.4,0.4,0.8,0.4,0.4,0.8,0.4,0.4,0.8,0.6,0.6,1,0.6,0.6,0,0,0,0,0.8,0.4,0.4,0.8,0.4,0.4,0.8,0.4,0.4,0,0,0,0.8,0.4,0.4,0.8,0.4,0.4,0,0,0,0,0,0,0.8,0.4,0.4,0.8,0.4,0.4,0,0,0,0,0,0,0.8,0.4,0.4,0.6,0.8,0.4,0.4,0,0,0,0,0,-0.5,-1
AY1,0.4,0.8,0.8,0.4,0.8,0.8,0.4,0.8,0.8,0.4,0.8,0.8,0.4,0.8,0.8,0.6,1,0.9,0,0,0,0,0.4,0.8,0.8,0.4,0.8,0.8,0.4,0.8,0.8,0,0,0,0.4,0.8,0.8,0.4,0.8,0.8,0,0,0,0,0,0,0.4,0.8,0.8,0.4,0.8,0.8,0,0,0,0,0,0,0.4,0.8,0.8,0.8,0.4,0.8,0.8,0,0,0,0,0,-0.8,-1
AY2,0.4,0.8,0.8,0.4,0.8,0.8,0.4,0.8,0.8,0.4,0.8,0.8,0.4,0.8,0.8,0.6,0.9,1,0,0,0,0,0.4,0.8,0.8,0.4,0.8,0.8,0.4,0.8,0.8,0,0,0,0.4,0.8,0.8,0.4,0.8,0.8,0,0,0,0,0,0,0.4,0.8,0.8,0.4,0.8,0.8,0,0,0,0,0,0,0.4,0.8,0.8,0.8,0.4,0.8,0.8,0,0,0,0,0,-1,-1
B,0,0,0,0,0,0,0,0,0,0,0,0,0,0,0,0,0,0,1,0.2,0.6,0.2,0,0,0,0,0,0,0,0,0,0.4,0.4,0.1,0,0,0,0,0,0,0.2,0.4,0.2,0.2,0.2,0.2,0,0,0,0,0,0,0.8,0.2,0.1,0.1,0.6,0.2,0,0,0,0,0,0,0,0.4,0.2,0.2,0.2,0.1,-0.2,-1
CH,0,0,0,0,0,0,0,0,0,0,0,0,0,0,0,0,0,0,0.2,1,0.4,0.4,0,0,0,0,0,0,0,0,0,0.4,0.4,0.1,0,0,0,0,0,0,0.6,0.4,0.2,0.2,0.2,0.2,0,0,0,0,0,0,0.4,0.2,0.4,0.6,0.2,0.2,0,0,0,0,0,0,0,0.4,0.2,0.1,0.4,0.4,-0.2,-1
D,0,0,0,0,0,0,0,0,0,0,0,0,0,0,0,0,0,0,0.6,0.4,1,0.4,0,0,0,0,0,0,0,0,0,0.2,0.6,0.1,0,0,0,0,0,0,0.4,0.6,0.2,0.2,0.2,0.2,0,0,0,0,0,0,0.4,0.2,0.1,0.1,0.8,0.6,0,0,0,0,0,0,0,0.2,0.2,0.2,0.2,0.2,-0.2,-1
DH,0,0,0,0,0,0,0,0,0,0,0,0,0,0,0,0,0,0,0.2,0.4,0.4,1,0,0,0,0,0,0,0,0,0,0.4,0.4,0.1,0,0,0,0,0,0,0.6,0.4,0.2,0.2,0.2,0.2,0,0,0,0,0,0,0.2,0.2,0.1,0.2,0.4,0.8,0,0,0,0,0,0,0,0.4,0.2,0.2,0.2,0.8,-0.2,-1
EH0,0.9,0.4,0.4,0.9,0.4,0.4,0.9,0.4,0.4,0.9,0.4,0.4,0.8,0.4,0.4,0.8,0.4,0.4,0,0,0,0,1,0.6,0.6,0.9,0.4,0.4,0.8,0.4,0.4,0,0,0,0.8,0.4,0.4,0.8,0.4,0.4,0,0,0,0,0,0,0.9,0.4,0.4,0.8,0.4,0.4,0,0,0,0,0,0,0.9,0.4,0.4,0.6,0.9,0.4,0.4,0,0,0,0,0,-0.5,-1
EH1,0.4,0.8,0.8,0.4,0.8,0.8,0.4,0.8,0.8,0.4,0.8,0.8,0.4,0.8,0.8,0.4,0.8,0.8,0,0,0,0,0.6,1,0.9,0.4,0.8,0.8,0.4,0.8,0.8,0,0,0,0.4,0.8,0.8,0.4,0.8,0.8,0,0,0,0,0,0,0.4,0.8,0.8,0.4,0.8,0.8,0,0,0,0,0,0,0.4,0.8,0.8,0.8,0.4,0.8,0.8,0,0,0,0,0,-0.8,-1
EH2,0.4,0.8,0.8,0.4,0.8,0.8,0.4,0.8,0.8,0.4,0.8,0.8,0.4,0.8,0.8,0.4,0.8,0.8,0,0,0,0,0.6,0.9,1,0.4,0.8,0.8,0.4,0.8,0.8,0,0,0,0.4,0.8,0.8,0.4,0.8,0.8,0,0,0,0,0,0,0.4,0.8,0.8,0.4,0.8,0.8,0,0,0,0,0,0,0.4,0.8,0.8,0.8,0.4,0.8,0.8,0,0,0,0,0,-1,-1
ER0,0.9,0.4,0.4,0.9,0.4,0.4,0.9,0.4,0.4,0.9,0.4,0.4,0.8,0.4,0.4,0.8,0.4,0.4,0,0,0,0,0.9,0.4,0.4,1,0.6,0.6,0.8,0.4,0.4,0,0,0,0.8,0.4,0.4,0.8,0.4,0.4,0,0,0,0,0,0,0.9,0.4,0.4,0.8,0.4,0.4,0,0,0,0,0,0,0.9,0.4,0.4,0.6,0.9,0.4,0.4,0,0,0,0,0,-0.5,-1
ER1,0.4,0.8,0.8,0.4,0.8,0.8,0.4,0.8,0.8,0.4,0.8,0.8,0.4,0.8,0.8,0.4,0.8,0.8,0,0,0,0,0.4,0.8,0.8,0.6,1,0.9,0.4,0.8,0.8,0,0,0,0.4,0.8,0.8,0.4,0.8,0.8,0,0,0,0,0,0,0.4,0.8,0.8,0.4,0.8,0.8,0,0,0,0,0,0,0.4,0.8,0.8,0.8,0.4,0.8,0.8,0,0,0,0,0,-0.8,-1
ER2,0.4,0.8,0.8,0.4,0.8,0.8,0.4,0.8,0.8,0.4,0.8,0.8,0.4,0.8,0.8,0.4,0.8,0.8,0,0,0,0,0.4,0.8,0.8,0.6,0.9,1,0.4,0.8,0.8,0,0,0,0.4,0.8,0.8,0.4,0.8,0.8,0,0,0,0,0,0,0.4,0.8,0.8,0.4,0.8,0.8,0,0,0,0,0,0,0.4,0.8,0.8,0.8,0.4,0.8,0.8,0,0,0,0,0,-1,-1
EY0,0.8,0.4,0.4,0.8,0.4,0.4,0.8,0.4,0.4,0.8,0.4,0.4,0.8,0.4,0.4,0.8,0.4,0.4,0,0,0,0,0.8,0.4,0.4,0.8,0.4,0.4,1,0.6,0.6,0,0,0,0.8,0.4,0.4,0.8,0.4,0.4,0,0,0,0,0,0,0.8,0.4,0.4,0.8,0.4,0.4,0,0,0,0,0,0,0.8,0.4,0.4,0.6,0.8,0.4,0.4,0,0,0,0,0,-0.5,-1
EY1,0.4,0.8,0.8,0.4,0.8,0.8,0.4,0.8,0.8,0.4,0.8,0.8,0.4,0.8,0.8,0.4,0.8,0.8,0,0,0,0,0.4,0.8,0.8,0.4,0.8,0.8,0.6,1,0.9,0,0,0,0.4,0.8,0.8,0.4,0.8,0.8,0,0,0,0,0,0,0.4,0.8,0.8,0.4,0.8,0.8,0,0,0,0,0,0,0.4,0.8,0.8,0.8,0.4,0.8,0.8,0,0,0,0,0,-0.8,-1
EY2,0.4,0.8,0.8,0.4,0.8,0.8,0.4,0.8,0.8,0.4,0.8,0.8,0.4,0.8,0.8,0.4,0.8,0.8,0,0,0,0,0.4,0.8,0.8,0.4,0.8,0.8,0.6,0.9,1,0,0,0,0.4,0.8,0.8,0.4,0.8,0.8,0,0,0,0,0,0,0.4,0.8,0.8,0.4,0.8,0.8,0,0,0,0,0,0,0.4,0.8,0.8,0.8,0.4,0.8,0.8,0,0,0,0,0,-1,-1
F,0,0,0,0,0,0,0,0,0,0,0,0,0,0,0,0,0,0,0.4,0.4,0.2,0.4,0,0,0,0,0,0,0,0,0,1,0.1,0.1,0,0,0,0,0,0,0.2,0.1,0.1,0.1,0.1,0.1,0,0,0,0,0,0,0.1,0.2,0.2,0.2,0.1,0.2,0,0,0,0,0,0,0,0.6,0.2,0.2,0.2,0.2,-0.2,-1
G,0,0,0,0,0,0,0,0,0,0,0,0,0,0,0,0,0,0,0.4,0.4,0.6,0.4,0,0,0,0,0,0,0,0,0,0.1,1,0.1,0,0,0,0,0,0,0.2,0.8,0.1,0.1,0.1,0.1,0,0,0,0,0,0,0.6,0.1,0.1,0.1,0.4,0.2,0,0,0,0,0,0,0,0.2,0.2,0.2,0.2,0.2,-0.2,-1
HH,0,0,0,0,0,0,0,0,0,0,0,0,0,0,0,0,0,0,0.1,0.1,0.1,0.1,0,0,0,0,0,0,0,0,0,0.1,0.1,1,0,0,0,0,0,0,0.2,0.1,0.1,0.1,0.1,0.1,0,0,0,0,0,0,0.1,0.1,0.1,0.1,0.1,0.2,0,0,0,0,0,0,0,0.1,0.2,0.2,0.1,0.1,-0.2,-1
IH0,0.8,0.4,0.4,0.8,0.4,0.4,0.8,0.4,0.4,0.8,0.4,0.4,0.8,0.4,0.4,0.8,0.4,0.4,0,0,0,0,0.8,0.4,0.4,0.8,0.4,0.4,0.8,0.4,0.4,0,0,0,1,0.6,0.6,0.8,0.4,0.4,0,0,0,0,0,0,0.8,0.4,0.4,0.8,0.4,0.4,0,0,0,0,0,0,0.8,0.4,0.4,0.6,0.8,0.4,0.4,0,0,0,0,0,-0.5,-1
IH1,0.4,0.8,0.8,0.4,0.8,0.8,0.4,0.8,0.8,0.4,0.8,0.8,0.4,0.8,0.8,0.4,0.8,0.8,0,0,0,0,0.4,0.8,0.8,0.4,0.8,0.8,0.4,0.8,0.8,0,0,0,0.6,1,0.9,0.4,0.8,0.8,0,0,0,0,0,0,0.4,0.8,0.8,0.4,0.8,0.8,0,0,0,0,0,0,0.4,0.8,0.8,0.8,0.4,0.8,0.8,0,0,0,0,0,-0.8,-1
IH2,0.4,0.8,0.8,0.4,0.8,0.8,0.4,0.8,0.8,0.4,0.8,0.8,0.4,0.8,0.8,0.4,0.8,0.8,0,0,0,0,0.4,0.8,0.8,0.4,0.8,0.8,0.4,0.8,0.8,0,0,0,0.6,0.9,1,0.4,0.8,0.8,0,0,0,0,0,0,0.4,0.8,0.8,0.4,0.8,0.8,0,0,0,0,0,0,0.4,0.8,0.8,0.8,0.4,0.8,0.8,0,0,0,0,0,-1,-1
IY0,0.8,0.4,0.4,0.8,0.4,0.4,0.8,0.4,0.4,0.8,0.4,0.4,0.8,0.4,0.4,0.8,0.4,0.4,0,0,0,0,0.8,0.4,0.4,0.8,0.4,0.4,0.8,0.4,0.4,0,0,0,0.8,0.4,0.4,1,0.6,0.6,0,0,0,0,0,0,0.8,0.4,0.4,0.8,0.4,0.4,0,0,0,0,0,0,0.8,0.4,0.4,0.6,0.8,0.4,0.4,0,0,0,0,0,-0.5,-1
IY1,0.4,0.8,0.8,0.4,0.8,0.8,0.4,0.8,0.8,0.4,0.8,0.8,0.4,0.8,0.8,0.4,0.8,0.8,0,0,0,0,0.4,0.8,0.8,0.4,0.8,0.8,0.4,0.8,0.8,0,0,0,0.4,0.8,0.8,0.6,1,0.9,0,0,0,0,0,0,0.4,0.8,0.8,0.4,0.8,0.8,0,0,0,0,0,0,0.4,0.8,0.8,0.8,0.4,0.8,0.8,0,0,0,0,0,-0.8,-1
IY2,0.4,0.8,0.8,0.4,0.8,0.8,0.4,0.8,0.8,0.4,0.8,0.8,0.4,0.8,0.8,0.4,0.8,0.8,0,0,0,0,0.4,0.8,0.8,0.4,0.8,0.8,0.4,0.8,0.8,0,0,0,0.4,0.8,0.8,0.6,0.9,1,0,0,0,0,0,0,0.4,0.8,0.8,0.4,0.8,0.8,0,0,0,0,0,0,0.4,0.8,0.8,0.8,0.4,0.8,0.8,0,0,0,0,0,-1,-1
JH,0,0,0,0,0,0,0,0,0,0,0,0,0,0,0,0,0,0,0.2,0.6,0.4,0.6,0,0,0,0,0,0,0,0,0,0.2,0.2,0.2,0,0,0,0,0,0,1,0.1,0.2,0.2,0.2,0.2,0,0,0,0,0,0,0.2,0.1,0.1,0.4,0.2,0.4,0,0,0,0,0,0,0,0.8,0.4,0.2,0.8,0.8,-0.2,-1
K,0,0,0,0,0,0,0,0,0,0,0,0,0,0,0,0,0,0,0.4,0.4,0.6,0.4,0,0,0,0,0,0,0,0,0,0.1,0.8,0.1,0,0,0,0,0,0,0.1,1,0.1,0.2,0.2,0.2,0,0,0,0,0,0,0.6,0.1,0.1,0.1,0.6,0.2,0,0,0,0,0,0,0,0.4,0.2,0.2,0.6,0.6,-0.2,-1
L,0,0,0,0,0,0,0,0,0,0,0,0,0,0,0,0,0,0,0.2,0.2,0.2,0.2,0,0,0,0,0,0,0,0,0,0.1,0.1,0.1,0,0,0,0,0,0,0.2,0.1,1,0.2,0.2,0.2,0,0,0,0,0,0,0.2,0.4,0.1,0.1,0.2,0.2,0,0,0,0,0,0,0,0.6,0.6,0.4,0.4,0.6,-0.2,-1
M,0,0,0,0,0,0,0,0,0,0,0,0,0,0,0,0,0,0,0.2,0.2,0.2,0.2,0,0,0,0,0,0,0,0,0,0.1,0.1,0.1,0,0,0,0,0,0,0.2,0.2,0.2,1,0.6,0.4,0,0,0,0,0,0,0.2,0.2,0.1,0.1,0.2,0.4,0,0,0,0,0,0,0,0.6,0.8,0.6,0.4,0.4,-0.2,-1
N,0,0,0,0,0,0,0,0,0,0,0,0,0,0,0,0,0,0,0.2,0.2,0.2,0.2,0,0,0,0,0,0,0,0,0,0.1,0.1,0.1,0,0,0,0,0,0,0.2,0.2,0.2,0.6,1,0.6,0,0,0,0,0,0,0.6,0.4,0.4,0.4,0.4,0.6,0,0,0,0,0,0,0,0.6,0.4,0.4,0.4,0.4,-0.2,-1
NG,0,0,0,0,0,0,0,0,0,0,0,0,0,0,0,0,0,0,0.2,0.2,0.2,0.2,0,0,0,0,0,0,0,0,0,0.1,0.1,0.1,0,0,0,0,0,0,0.2,0.2,0.2,0.4,0.6,1,0,0,0,0,0,0,0.2,0.6,0.6,0.6,0.4,0.6,0,0,0,0,0,0,0,0.8,0.4,0.4,0.2,0.6,-0.2,-1
OW0,0.9,0.4,0.4,0.9,0.4,0.4,0.9,0.4,0.4,0.9,0.4,0.4,0.8,0.4,0.4,0.8,0.4,0.4,0,0,0,0,0.9,0.4,0.4,0.9,0.4,0.4,0.8,0.4,0.4,0,0,0,0.8,0.4,0.4,0.8,0.4,0.4,0,0,0,0,0,0,1,0.6,0.6,0.8,0.4,0.4,0,0,0,0,0,0,0.9,0.4,0.4,0.6,0.8,0.4,0.4,0,0.1,0,0,0,-0.5,-1
OW1,0.4,0.8,0.8,0.4,0.8,0.8,0.4,0.8,0.8,0.4,0.8,0.8,0.4,0.8,0.8,0.4,0.8,0.8,0,0,0,0,0.4,0.8,0.8,0.4,0.8,0.8,0.4,0.8,0.8,0,0,0,0.4,0.8,0.8,0.4,0.8,0.8,0,0,0,0,0,0,0.6,1,0.9,0.4,0.8,0.8,0,0,0,0,0,0,0.4,0.8,0.8,0.8,0.4,0.8,0.8,0,0.1,0,0,0,-0.8,-1
OW2,0.4,0.8,0.8,0.4,0.8,0.8,0.4,0.8,0.8,0.4,0.8,0.8,0.4,0.8,0.8,0.4,0.8,0.8,0,0,0,0,0.4,0.8,0.8,0.4,0.8,0.8,0.4,0.8,0.8,0,0,0,0.4,0.8,0.8,0.4,0.8,0.8,0,0,0,0,0,0,0.6,0.9,1,0.4,0.8,0.8,0,0,0,0,0,0,0.4,0.8,0.8,0.8,0.4,0.8,0.8,0,0.1,0,0,0,-1,-1
OY0,0.8,0.4,0.4,0.8,0.4,0.4,0.8,0.4,0.4,0.8,0.4,0.4,0.8,0.4,0.4,0.8,0.4,0.4,0,0,0,0,0.8,0.4,0.4,0.8,0.4,0.4,0.8,0.4,0.4,0,0,0,0.8,0.4,0.4,0.8,0.4,0.4,0,0,0,0,0,0,0.8,0.4,0.4,1,0.6,0.6,0,0,0,0,0,0,0.8,0.4,0.4,0.6,0.8,0.4,0.4,0,0,0,0,0,-0.5,-1
OY1,0.4,0.8,0.8,0.4,0.8,0.8,0.4,0.8,0.8,0.4,0.8,0.8,0.4,0.8,0.8,0.4,0.8,0.8,0,0,0,0,0.4,0.8,0.8,0.4,0.8,0.8,0.4,0.8,0.8,0,0,0,0.4,0.8,0.8,0.4,0.8,0.8,0,0,0,0,0,0,0.4,0.8,0.8,0.6,1,0.9,0,0,0,0,0,0,0.4,0.8,0.8,0.8,0.4,0.8,0.8,0,0,0,0,0,-0.8,-1
OY2,0.4,0.8,0.8,0.4,0.8,0.8,0.4,0.8,0.8,0.4,0.8,0.8,0.4,0.8,0.8,0.4,0.8,0.8,0,0,0,0,0.4,0.8,0.8,0.4,0.8,0.8,0.4,0.8,0.8,0,0,0,0.4,0.8,0.8,0.4,0.8,0.8,0,0,0,0,0,0,0.4,0.8,0.8,0.6,0.9,1,0,0,0,0,0,0,0.4,0.8,0.8,0.8,0.4,0.8,0.8,0,0,0,0,0,-1,-1
P,0,0,0,0,0,0,0,0,0,0,0,0,0,0,0,0,0,0,0.8,0.4,0.4,0.2,0,0,0,0,0,0,0,0,0,0.1,0.6,0.1,0,0,0,0,0,0,0.2,0.6,0.2,0.2,0.6,0.2,0,0,0,0,0,0,1,0.4,0.2,0.4,0.8,0.6,0,0,0,0,0,0,0,0.4,0.2,0.2,0.6,0.4,-0.2,-1
R,0,0,0,0,0,0,0,0,0,0,0,0,0,0,0,0,0,0,0.2,0.2,0.2,0.2,0,0,0,0,0,0,0,0,0,0.2,0.1,0.1,0,0,0,0,0,0,0.1,0.1,0.4,0.2,0.4,0.6,0,0,0,0,0,0,0.4,1,0.4,0.4,0.2,0.6,0,0,0,0,0,0,0,0.6,0.8,0.4,0.4,0.4,-0.2,-1
S,0,0,0,0,0,0,0,0,0,0,0,0,0,0,0,0,0,0,0.1,0.4,0.1,0.1,0,0,0,0,0,0,0,0,0,0.2,0.1,0.1,0,0,0,0,0,0,0.1,0.1,0.1,0.1,0.4,0.6,0,0,0,0,0,0,0.2,0.4,1,0.8,0.2,0.6,0,0,0,0,0,0,0,0.6,0.4,0.6,0.8,0.8,-0.2,-1
SH,0,0,0,0,0,0,0,0,0,0,0,0,0,0,0,0,0,0,0.1,0.6,0.1,0.2,0,0,0,0,0,0,0,0,0,0.2,0.1,0.1,0,0,0,0,0,0,0.4,0.1,0.1,0.1,0.4,0.6,0,0,0,0,0,0,0.4,0.4,0.8,1,0.6,0.8,0,0,0,0,0,0,0,0.8,0.4,0.4,0.8,0.8,-0.2,-1
T,0,0,0,0,0,0,0,0,0,0,0,0,0,0,0,0,0,0,0.6,0.2,0.8,0.4,0,0,0,0,0,0,0,0,0,0.1,0.4,0.1,0,0,0,0,0,0,0.2,0.6,0.2,0.2,0.4,0.4,0,0,0,0,0,0,0.8,0.2,0.2,0.6,1,0.8,0,0,0,0,0,0,0,0.6,0.4,0.4,0.6,0.4,-0.2,-1
TH,0,0,0,0,0,0,0,0,0,0,0,0,0,0,0,0,0,0,0.2,0.2,0.6,0.8,0,0,0,0,0,0,0,0,0,0.2,0.2,0.2,0,0,0,0,0,0,0.4,0.2,0.2,0.4,0.6,0.6,0,0,0,0,0,0,0.6,0.6,0.6,0.8,0.8,1,0,0,0,0,0,0,0,0.8,0.4,0.4,0.8,0.6,-0.2,-1
UH0,0.9,0.4,0.4,0.9,0.4,0.4,0.9,0.4,0.4,0.9,0.4,0.4,0.8,0.4,0.4,0.8,0.4,0.4,0,0,0,0,0.9,0.4,0.4,0.9,0.4,0.4,0.8,0.4,0.4,0,0,0,0.8,0.4,0.4,0.8,0.4,0.4,0,0,0,0,0,0,0.9,0.4,0.4,0.8,0.4,0.4,0,0,0,0,0,0,1,0.6,0.6,0.6,0.8,0.4,0.4,0,0,0,0,0,-0.5,-1
UH1,0.4,0.8,0.8,0.4,0.8,0.8,0.4,0.8,0.8,0.4,0.8,0.8,0.4,0.8,0.8,0.4,0.8,0.8,0,0,0,0,0.4,0.8,0.8,0.4,0.8,0.8,0.4,0.8,0.8,0,0,0,0.4,0.8,0.8,0.4,0.8,0.8,0,0,0,0,0,0,0.4,0.8,0.8,0.4,0.8,0.8,0,0,0,0,0,0,0.6,1,0.9,0.8,0.4,0.8,0.8,0,0,0,0,0,-0.8,-1
UH2,0.4,0.8,0.8,0.4,0.8,0.8,0.4,0.8,0.8,0.4,0.8,0.8,0.4,0.8,0.8,0.4,0.8,0.8,0,0,0,0,0.4,0.8,0.8,0.4,0.8,0.8,0.4,0.8,0.8,0,0,0,0.4,0.8,0.8,0.4,0.8,0.8,0,0,0,0,0,0,0.4,0.8,0.8,0.4,0.8,0.8,0,0,0,0,0,0,0.6,0.9,1,0.8,0.4,0.8,0.8,0,0,0,0,0,-1,-1
UW,0.8,0.8,0.8,0.8,0.8,0.8,0.8,0.8,0.8,0.6,0.8,0.8,0.8,0.8,0.8,0.6,0.8,0.8,0,0,0,0,0.6,0.8,0.8,0.6,0.8,0.8,0.6,0.8,0.8,0,0,0,0.6,0.8,0.8,0.6,0.8,0.8,0,0,0,0,0,0,0.6,0.8,0.8,0.6,0.8,0.8,0,0,0,0,0,0,0.6,0.8,0.8,1,0.9,0.9,0.9,0,0,0,0,0,-1,-1
UW0,0.8,0.4,0.4,0.8,0.4,0.4,0.8,0.4,0.4,0.8,0.4,0.4,0.8,0.4,0.4,0.8,0.4,0.4,0,0,0,0,0.9,0.4,0.4,0.9,0.4,0.4,0.8,0.4,0.4,0,0,0,0.8,0.4,0.4,0.8,0.4,0.4,0,0,0,0,0,0,0.8,0.4,0.4,0.8,0.4,0.4,0,0,0,0,0,0,0.8,0.4,0.4,0.9,1,0.6,0.6,0,0,0,0,0,-0.5,-1
UW1,0.4,0.8,0.8,0.4,0.8,0.8,0.4,0.8,0.8,0.4,0.8,0.8,0.4,0.8,0.8,0.4,0.8,0.8,0,0,0,0,0.4,0.8,0.8,0.4,0.8,0.8,0.4,0.8,0.8,0,0,0,0.4,0.8,0.8,0.4,0.8,0.8,0,0,0,0,0,0,0.4,0.8,0.8,0.4,0.8,0.8,0,0,0,0,0,0,0.4,0.8,0.8,0.9,0.6,1,0.9,0,0,0,0,0,-0.8,-1
UW2,0.4,0.8,0.8,0.4,0.8,0.8,0.4,0.8,0.8,0.4,0.8,0.8,0.4,0.8,0.8,0.4,0.8,0.8,0,0,0,0,0.4,0.8,0.8,0.4,0.8,0.8,0.4,0.8,0.8,0,0,0,0.4,0.8,0.8,0.4,0.8,0.8,0,0,0,0,0,0,0.4,0.8,0.8,0.4,0.8,0.8,0,0,0,0,0,0,0.4,0.8,0.8,0.9,0.6,0.9,1,0,0,0,0,0,-1,-1
V,0,0,0,0,0,0,0,0,0,0,0,0,0,0,0,0,0,0,0.4,0.4,0.2,0.4,0,0,0,0,0,0,0,0,0,0.6,0.2,0.1,0,0,0,0,0,0,0.8,0.4,0.6,0.6,0.6,0.8,0,0,0,0,0,0,0.4,0.6,0.6,0.8,0.6,0.8,0,0,0,0,0,0,0,1,0.6,0.4,0.6,0.8,-0.2,-1
W,0,0,0,0,0,0,0,0,0,0,0,0,0,0,0,0,0,0,0.2,0.2,0.2,0.2,0,0,0,0,0,0,0,0,0,0.2,0.2,0.2,0,0,0,0,0,0,0.4,0.2,0.6,0.8,0.4,0.4,0.1,0.1,0.1,0,0,0,0.2,0.8,0.4,0.4,0.4,0.4,0,0,0,0,0,0,0,0.6,1,0.8,0.4,0.6,-0.2,-1
Y,0,0,0,0,0,0,0,0,0,0,0,0,0,0,0,0,0,0,0.2,0.1,0.2,0.2,0,0,0,0,0,0,0,0,0,0.2,0.2,0.2,0,0,0,0,0,0,0.2,0.2,0.4,0.6,0.4,0.4,0,0,0,0,0,0,0.2,0.4,0.6,0.4,0.4,0.4,0,0,0,0,0,0,0,0.4,0.8,1,0.4,0.4,-0.2,-1
Z,0,0,0,0,0,0,0,0,0,0,0,0,0,0,0,0,0,0,0.2,0.4,0.2,0.2,0,0,0,0,0,0,0,0,0,0.2,0.2,0.1,0,0,0,0,0,0,0.8,0.6,0.4,0.4,0.4,0.2,0,0,0,0,0,0,0.6,0.4,0.8,0.8,0.6,0.8,0,0,0,0,0,0,0,0.6,0.4,0.4,1,0.6,-0.2,-1
ZH,0,0,0,0,0,0,0,0,0,0,0,0,0,0,0,0,0,0,0.1,0.4,0.2,0.8,0,0,0,0,0,0,0,0,0,0.2,0.2,0.1,0,0,0,0,0,0,0.8,0.6,0.6,0.4,0.4,0.6,0,0,0,0,0,0,0.4,0.4,0.8,0.8,0.4,0.6,0,0,0,0,0,0,0,0.8,0.6,0.4,0.6,1,-0.2,-1
gap,-0.5,-0.8,-1,-0.5,-0.8,-1,-0.5,-0.8,-1,-0.5,-0.8,-1,-0.5,-0.8,-1,-0.5,-0.8,-1,-0.2,-0.2,-0.2,-0.2,-0.5,-0.8,-1,-0.5,-0.8,-1,-0.5,-0.8,-1,-0.2,-0.2,-0.2,-0.5,-0.8,-1,-0.5,-0.8,-1,-0.2,-0.2,-0.2,-0.2,-0.2,-0.2,-0.5,-0.8,-1,-0.5,-0.8,-1,-0.2,-0.2,-0.2,-0.2,-0.2,-0.2,-0.5,-0.8,-1,-1,-0.5,-0.8,-1,-0.2,-0.2,-0.2,-0.2,-0.2,1,-1
WB,-1,-1,-1,-1,-1,-1,-1,-1,-1,-1,-1,-1,-1,-1,-1,-1,-1,-1,-1,-1,-1,-1,-1,-1,-1,-1,-1,-1,-1,-1,-1,-1,-1,-1,-1,-1,-1,-1,-1,-1,-1,-1,-1,-1,-1,-1,-1,-1,-1,-1,-1,-1,-1,-1,-1,-1,-1,-1,-1,-1,-1,-1,-1,-1,-1,-1,-1,-1,-1,-1,-1,1